CS	Phenotype	Subtype
PEIPKGRGLF	LP	H7
PELPKGKGLF	LP	H7
PEPPKGRGLF	LP	H7
PENPKTRGLF	LP	H7
PESPKTRGLF	LP	H7
PEIPGKREKRGLF	HP	H7N7
PENPKTDRKSRHRRIRGLF	HP	H7N3
PEVPKGKRTARGLF	HP	H7N9, H7N3
PEVPKRKRTARGLF	HP	H7N9, H7N3
PEVPKGKRIARGLF	HP	H7N9, H7N3
PEVPKRRRTARGLF	HP	H7N9, H7N3
PENPKTDRKSRHRRIRGLF	HP	H7N9
PELPKGRKRRGLF	HP	H7N7
PENPKKRKTRGLF	HP	H7N8
PEIPRHRKGRGLF	HP	H7N7
PEIPKRKRRGLF	HP	H7N7
PETPKRRERRGLF	HP	H7N7
PENPKDRKSRHRRTRGLF	HP	H7N3
PENPKDRKNRHRRTRGLF	HP	H7N3
PENPKGKKSRHRKTRGLF	HP	H7N3
PELPKGTKPRPRRGLF	HP	H7N7
PEIPKRKKRGLF	HP	H7N7
PENPKTTKPRPRRGLF	HP	H7N3
PEIPKGRHRRPKRGLF	HP	H7N7
PENPKQAYRKRMTRGLF	HP	H7N3
PENPKQAYQKRMTRGLF	HP	H7N3
PENPKQAYKKRMTRGLF	HP	H7N3
PENPKQAYHKRMTRGLF	HP	H7N3
PENPKQAHQKRMTRGLF	HP	H7N3
PENPRQAYRKRMTRGLF	HP	H7N3
PENPKQACQKRMTRGLF	HP	H7N3
PEIPKRRRRGLF	HP	H7N7
PEKPKTCSPLSRCRETRGLF	HP	H7N3
PEKPKTCSPLSRCRKTRGLF	HP	H7N3
PEIPKGSRVRRGLF	HP	H7N1
PEIPKGSRMRRGLF	HP	H7N1
PEIPKRSRVRRGLF	HP	H7N1
PEIPRRRKRGLF	HP	H7N4
PEIPRKRKRGLF	HP	H7N4
PETPKRKRKRGLF	HP	H7N3
PETPKRRKRGLF	HP	H7N3
PETPKRRNRGLF	HP	H7N3
PEIPRKRKRGLF	HP	H7N3
PEIPKRRRGLF	HP	H7N1
PEIPKKKKRGLF	HP	H7N3
PEIPKRKKRGLF	HP	H7N3
PEIPKKRKKRGLF	HP	H7N3
PEIPKKKKKKRGLF	HP	H7N3
PEIPKKREKRGLF	HP	H7N7
PEIPKKKKRGLF	HP	H7N7
PEIPKRKKRGLF	HP	H7N7
PEIPKKRKKRGLF	HP	H7N7
PEIPKKKKKKRGLF	HP	H7N7
PEIPKKREKRGLF	HP	H7N7
PETPKRRRRGLF	HP	H7N3
PQRETRGLF	LP	H5
HQRRKRGLF	HP	H5N1, H5N2, H5N9
PQRRKRGLF	HP	H5N2
PQRKKRGLF	HP	H5N2
PQRKKRGLF	LP	H5N2
PQREKRGLF	LP	
PQKKKRGLF	LP/HP	H5N2
PQRKKRGLF	HP	H5N1
PEIPKGRGLF	LP	H7
PELPKGRGLF	LP	H7N4
PELPKRRGLF	LP	H7N1
PETPKRRNRGLF	HP	H7N3
PEIPKKREKGLF	HP	H7N7
PEIPKKRGLF	LP	H7N
PQRETRGLF	LP	H5
PQRERRRKKRGLF	HP	H5N1
PQREERRKKRGLF	HP	H5N1
PQREGRRKKRGLF	HP	H5N1
PQRVGRRKKRGLF	HP	H5N1
PQRESRRKKGLF	HP	H5N1
PQKEGRRKKRGLF	HP	H5N1
PQIERRRKKRGLF	HP	H5N1
PQRERRREKRGLF	HP	H5N1
PQGEKRRKKRGLF	HP	H5N1
PQGERRRKKRGLF	HP	H5N1
PQGEGRRKKRGLF	HP	H5N1
PQGDRRRKKRGLF	HP	H5N1
PQRERRRKRGLF	HP	H5N1
PQRERRRKRGLF	HP	H5N1
PRRERRRKRGLF	HP	H5N1
PQREKRRKRGLF	HP	H5N1
PQKERRRKRGLF	HP	H5N1
PQIERRRRKRGLF	HP	H5N1
PQRESRRRKRGLF	HP	H5N1
PQRERRRKRGLF	HP	H5N1
PLRERRRKRGLF	HP	H5N1, H5N2, H5N3, H5N4, H5N5, H5N6, H5N8
PLREKRRKRGLF	HP	H5N1, H5N2, H5N3, H5N4, H5N5, H5N6, H5N8
PPREKRRKRGLF	HP	H5N1, H5N2, H5N3, H5N4, H5N5, H5N6, H5N8
PLREKRRRKRGLF	HP	H5N1, H5N2, H5N3, H5N4, H5N5, H5N6, H5N8
PLRERRRKKRGLF	HP	H5N1, H5N2, H5N3, H5N4, H5N5, H5N6, H5N8
PLRERIRKKRGLF	HP	H5N1, H5N2, H5N3, H5N4, H5N5, H5N6, H5N8
PLGEKRRKRGLF	HP	H5N1, H5N2, H5N3, H5N4, H5N5, H5N6, H5N8
PLIEKRRKRGLF	HP	H5N1, H5N2, H5N3, H5N4, H5N5, H5N6, H5N8
PLRDKRRKRGLF	HP	H5N1, H5N2, H5N3, H5N4, H5N5, H5N6, H5N8
PLRGKRRKRGLF	HP	H5N1, H5N2, H5N3, H5N4, H5N5, H5N6, H5N8
PQRERRRKKRGLF	HP	H5N1
PQRERRKKRGLF	HP	H5N1
PQRERRRKKRGLF	HP	H5N1
PQRERRRKKRGLF	HP	H5N1
PQREIRRKKRGLF	HP	H5N1
PQRERRRKKRGLF	HP	H5N1
PQIEGRRRKRGLF	HP	H5N1
PQRGRRRKRGLF	HP	H5N1
PQRGRRRKKRGLF	HP	H5N1
PQREGGRKKRGLF	HP	H5N1
PQREGGRRRKRGLF	HP	H5N1
PQREREGGRRRKRGLF	HP	H5N1
PQRERRRKKRGLF	HP	H5N1
PQRRKKRGLF	HP	H5N2
PQRRRKRGLF	HP	H5N2
PQREKRRKKRGLF	HP	H5N2
PQGERRRKKRGLF	HP	H5N1
PQRRRKKRGLF	HP	H5N2
PQRRKRKTRGLF	HP	H5N2
PQRKRKRKTRGLF	HP	H5N2
PQRKRKTRGLF	HP	H5N2
PQRKRRKTRGLF	HP	H5N1
PQRKRKKRGLF	HP	H5N8
PQRRRKKRGLF	HP	H5N9
PQRETRRQKRGLF	HP	H5N3
